0,📁 ap-graduate.tsukuba.ac.jp,ap-graduate.tsukuba.ac.jp/
1,index.html,ap-graduate.tsukuba.ac.jp/index.html
0,📁 ch.nicovideo.jp,ch.nicovideo.jp/
1,📁 charlo,ch.nicovideo.jp/charlo/
2,📁 blomaga,ch.nicovideo.jp/charlo/blomaga/
3,ar763009.html,ch.nicovideo.jp/charlo/blomaga/ar763009.html
3,📁 星空.flv コード譜_うんこ - ブロマガ_files,ch.nicovideo.jp/charlo/blomaga/星空.flv コード譜_うんこ - ブロマガ_files/
4,2027419,ch.nicovideo.jp/charlo/blomaga/星空.flv コード譜_うんこ - ブロマガ_files/2027419
4,351824429553763,ch.nicovideo.jp/charlo/blomaga/星空.flv コード譜_うんこ - ブロマガ_files/351824429553763
4,39985616.jpg,ch.nicovideo.jp/charlo/blomaga/星空.flv コード譜_うんこ - ブロマガ_files/39985616.jpg
4,4ef1ca6b.js.ダウンロード,ch.nicovideo.jp/charlo/blomaga/星空.flv コード譜_うんこ - ブロマガ_files/4ef1ca6b.js.ダウンロード
4,954061,ch.nicovideo.jp/charlo/blomaga/星空.flv コード譜_うんこ - ブロマガ_files/954061
4,CommonHeader.min.js.ダウンロード,ch.nicovideo.jp/charlo/blomaga/星空.flv コード譜_うんこ - ブロマガ_files/CommonHeader.min.js.ダウンロード
4,CommonHeaderLoader.min.js.ダウンロード,ch.nicovideo.jp/charlo/blomaga/星空.flv コード譜_うんこ - ブロマガ_files/CommonHeaderLoader.min.js.ダウンロード
4,RestoreXidToMediaStorage(1).html,ch.nicovideo.jp/charlo/blomaga/星空.flv コード譜_うんこ - ブロマガ_files/RestoreXidToMediaStorage(1).html
4,RestoreXidToMediaStorage.html,ch.nicovideo.jp/charlo/blomaga/星空.flv コード譜_うんこ - ブロマガ_files/RestoreXidToMediaStorage.html
4,ad,ch.nicovideo.jp/charlo/blomaga/星空.flv コード譜_うんこ - ブロマガ_files/ad
4,ad(1),ch.nicovideo.jp/charlo/blomaga/星空.flv コード譜_うんこ - ブロマガ_files/ad(1)
4,ad_creative(1).ashx,ch.nicovideo.jp/charlo/blomaga/星空.flv コード譜_うんこ - ブロマガ_files/ad_creative(1).ashx
4,ad_creative.ashx,ch.nicovideo.jp/charlo/blomaga/星空.flv コード譜_うんこ - ブロマガ_files/ad_creative.ashx
4,ad_spot(1).html,ch.nicovideo.jp/charlo/blomaga/星空.flv コード譜_うんこ - ブロマガ_files/ad_spot(1).html
4,ad_spot.html,ch.nicovideo.jp/charlo/blomaga/星空.flv コード譜_うんこ - ブロマガ_files/ad_spot.html
4,adcore_pc_inline.js.ダウンロード,ch.nicovideo.jp/charlo/blomaga/星空.flv コード譜_うんこ - ブロマガ_files/adcore_pc_inline.js.ダウンロード
4,ads2.js.ダウンロード,ch.nicovideo.jp/charlo/blomaga/星空.flv コード譜_うんこ - ブロマガ_files/ads2.js.ダウンロード
4,ads_premium.js.ダウンロード,ch.nicovideo.jp/charlo/blomaga/星空.flv コード譜_うんこ - ブロマガ_files/ads_premium.js.ダウンロード
4,analytics.js.ダウンロード,ch.nicovideo.jp/charlo/blomaga/星空.flv コード譜_うんこ - ブロマガ_files/analytics.js.ダウンロード
4,article.js.ダウンロード,ch.nicovideo.jp/charlo/blomaga/星空.flv コード譜_うんこ - ブロマガ_files/article.js.ダウンロード
4,article_tag.js.ダウンロード,ch.nicovideo.jp/charlo/blomaga/星空.flv コード譜_うんこ - ブロマガ_files/article_tag.js.ダウンロード
4,asr,ch.nicovideo.jp/charlo/blomaga/星空.flv コード譜_うんこ - ブロマガ_files/asr
4,asr(1),ch.nicovideo.jp/charlo/blomaga/星空.flv コード譜_うんこ - ブロマガ_files/asr(1)
4,bannertext(1).html,ch.nicovideo.jp/charlo/blomaga/星空.flv コード譜_うんこ - ブロマガ_files/bannertext(1).html
4,bannertext.html,ch.nicovideo.jp/charlo/blomaga/星空.flv コード譜_うんこ - ブロマガ_files/bannertext.html
4,base.css,ch.nicovideo.jp/charlo/blomaga/星空.flv コード譜_うんこ - ブロマガ_files/base.css
4,base_cp.js.ダウンロード,ch.nicovideo.jp/charlo/blomaga/星空.flv コード譜_うんこ - ブロマガ_files/base_cp.js.ダウンロード
4,body_style.css,ch.nicovideo.jp/charlo/blomaga/星空.flv コード譜_うんこ - ブロマガ_files/body_style.css
4,bookmark_button.js.ダウンロード,ch.nicovideo.jp/charlo/blomaga/星空.flv コード譜_うんこ - ブロマガ_files/bookmark_button.js.ダウンロード
4,campaign-ticket_sale-ticket_sale.css,ch.nicovideo.jp/charlo/blomaga/星空.flv コード譜_うんこ - ブロマガ_files/campaign-ticket_sale-ticket_sale.css
4,channel-channel_base.css,ch.nicovideo.jp/charlo/blomaga/星空.flv コード譜_うんこ - ブロマガ_files/channel-channel_base.css
4,channel-channel_blog.css,ch.nicovideo.jp/charlo/blomaga/星空.flv コード譜_うんこ - ブロマガ_files/channel-channel_blog.css
4,charlo.jpg,ch.nicovideo.jp/charlo/blomaga/星空.flv コード譜_うんこ - ブロマガ_files/charlo.jpg
4,charlo_762955.png,ch.nicovideo.jp/charlo/blomaga/星空.flv コード譜_うんこ - ブロマガ_files/charlo_762955.png
4,charlo_816168.png,ch.nicovideo.jp/charlo/blomaga/星空.flv コード譜_うんこ - ブロマガ_files/charlo_816168.png
4,close.png,ch.nicovideo.jp/charlo/blomaga/星空.flv コード譜_うんこ - ブロマガ_files/close.png
4,common.js.ダウンロード,ch.nicovideo.jp/charlo/blomaga/星空.flv コード譜_うんこ - ブロマガ_files/common.js.ダウンロード
4,compass.js.ダウンロード,ch.nicovideo.jp/charlo/blomaga/星空.flv コード譜_うんこ - ブロマガ_files/compass.js.ダウンロード
4,cookie_loader(1).html,ch.nicovideo.jp/charlo/blomaga/星空.flv コード譜_うんこ - ブロマガ_files/cookie_loader(1).html
4,cookie_loader.html,ch.nicovideo.jp/charlo/blomaga/星空.flv コード譜_うんこ - ブロマガ_files/cookie_loader.html
4,dataLayer,ch.nicovideo.jp/charlo/blomaga/星空.flv コード譜_うんこ - ブロマガ_files/dataLayer
4,facebook.14x14.png,ch.nicovideo.jp/charlo/blomaga/星空.flv コード譜_うんこ - ブロマガ_files/facebook.14x14.png
4,facebook.20x20.png,ch.nicovideo.jp/charlo/blomaga/星空.flv コード譜_うんこ - ブロマガ_files/facebook.20x20.png
4,fbevents.js.ダウンロード,ch.nicovideo.jp/charlo/blomaga/星空.flv コード譜_うんこ - ブロマガ_files/fbevents.js.ダウンロード
4,google_analytics.js.ダウンロード,ch.nicovideo.jp/charlo/blomaga/星空.flv コード譜_うんこ - ブロマガ_files/google_analytics.js.ダウンロード
4,gtm.js(1).ダウンロード,ch.nicovideo.jp/charlo/blomaga/星空.flv コード譜_うんこ - ブロマガ_files/gtm.js(1).ダウンロード
4,gtm.js(2).ダウンロード,ch.nicovideo.jp/charlo/blomaga/星空.flv コード譜_うんこ - ブロマガ_files/gtm.js(2).ダウンロード
4,gtm.js.ダウンロード,ch.nicovideo.jp/charlo/blomaga/星空.flv コード譜_うんこ - ブロマガ_files/gtm.js.ダウンロード
4,hatena.14x14.png,ch.nicovideo.jp/charlo/blomaga/星空.flv コード譜_うんこ - ブロマガ_files/hatena.14x14.png
4,hatena.20x20.png,ch.nicovideo.jp/charlo/blomaga/星空.flv コード譜_うんこ - ブロマガ_files/hatena.20x20.png
4,ic,ch.nicovideo.jp/charlo/blomaga/星空.flv コード譜_うんこ - ブロマガ_files/ic
4,ic(1),ch.nicovideo.jp/charlo/blomaga/星空.flv コード譜_うんこ - ブロマガ_files/ic(1)
4,jquery-1.8.3.min.js.ダウンロード,ch.nicovideo.jp/charlo/blomaga/星空.flv コード譜_うんこ - ブロマガ_files/jquery-1.8.3.min.js.ダウンロード
4,jquery.easing.1.3.js.ダウンロード,ch.nicovideo.jp/charlo/blomaga/星空.flv コード譜_うんこ - ブロマガ_files/jquery.easing.1.3.js.ダウンロード
4,js,ch.nicovideo.jp/charlo/blomaga/星空.flv コード譜_うんこ - ブロマガ_files/js
4,js(1),ch.nicovideo.jp/charlo/blomaga/星空.flv コード譜_うんこ - ブロマガ_files/js(1)
4,js(2),ch.nicovideo.jp/charlo/blomaga/星空.flv コード譜_うんこ - ブロマガ_files/js(2)
4,js(3),ch.nicovideo.jp/charlo/blomaga/星空.flv コード譜_うんこ - ブロマガ_files/js(3)
4,js(4),ch.nicovideo.jp/charlo/blomaga/星空.flv コード譜_うんこ - ブロマガ_files/js(4)
4,js(5),ch.nicovideo.jp/charlo/blomaga/星空.flv コード譜_うんこ - ブロマガ_files/js(5)
4,js(6),ch.nicovideo.jp/charlo/blomaga/星空.flv コード譜_うんこ - ブロマガ_files/js(6)
4,linkid.js.ダウンロード,ch.nicovideo.jp/charlo/blomaga/星空.flv コード譜_うんこ - ブロマガ_files/linkid.js.ダウンロード
4,lui__2027790.jpg,ch.nicovideo.jp/charlo/blomaga/星空.flv コード譜_うんこ - ブロマガ_files/lui__2027790.jpg
4,pixel.html,ch.nicovideo.jp/charlo/blomaga/星空.flv コード譜_うんこ - ブロマガ_files/pixel.html
4,pta.js.ダウンロード,ch.nicovideo.jp/charlo/blomaga/星空.flv コード譜_うんこ - ブロマガ_files/pta.js.ダウンロード
4,receive,ch.nicovideo.jp/charlo/blomaga/星空.flv コード譜_うんこ - ブロマガ_files/receive
4,saved_resource(1).html,ch.nicovideo.jp/charlo/blomaga/星空.flv コード譜_うんこ - ブロマガ_files/saved_resource(1).html
4,saved_resource(2).html,ch.nicovideo.jp/charlo/blomaga/星空.flv コード譜_うんこ - ブロマガ_files/saved_resource(2).html
4,saved_resource.html,ch.nicovideo.jp/charlo/blomaga/星空.flv コード譜_うんこ - ブロマガ_files/saved_resource.html
4,style.css,ch.nicovideo.jp/charlo/blomaga/星空.flv コード譜_うんこ - ブロマガ_files/style.css
4,swfobject.js.ダウンロード,ch.nicovideo.jp/charlo/blomaga/星空.flv コード譜_うんこ - ブロマガ_files/swfobject.js.ダウンロード
4,tag.16x16.png,ch.nicovideo.jp/charlo/blomaga/星空.flv コード譜_うんこ - ブロマガ_files/tag.16x16.png
4,timeshift.js.ダウンロード,ch.nicovideo.jp/charlo/blomaga/星空.flv コード譜_うんこ - ブロマガ_files/timeshift.js.ダウンロード
4,twitter.14x14.png,ch.nicovideo.jp/charlo/blomaga/星空.flv コード譜_うんこ - ブロマガ_files/twitter.14x14.png
4,twitter.20x20.png,ch.nicovideo.jp/charlo/blomaga/星空.flv コード譜_うんこ - ブロマガ_files/twitter.20x20.png
4,widget_iframe.06c6ee58c3810956b7509218508c7b56.html,ch.nicovideo.jp/charlo/blomaga/星空.flv コード譜_うんこ - ブロマガ_files/widget_iframe.06c6ee58c3810956b7509218508c7b56.html
4,widgets.js.ダウンロード,ch.nicovideo.jp/charlo/blomaga/星空.flv コード譜_うんこ - ブロマガ_files/widgets.js.ダウンロード
4,ytag.js.ダウンロード,ch.nicovideo.jp/charlo/blomaga/星空.flv コード譜_うんこ - ブロマガ_files/ytag.js.ダウンロード
0,📁 detail.chiebukuro.yahoo.co.jp,detail.chiebukuro.yahoo.co.jp/
1,📁 qa,detail.chiebukuro.yahoo.co.jp/qa/
2,📁 question_detail,detail.chiebukuro.yahoo.co.jp/qa/question_detail/
3,q11326129381.html,detail.chiebukuro.yahoo.co.jp/qa/question_detail/q11326129381.html
0,📁 gemini.google.com,gemini.google.com/
1,📁 accounting-force,gemini.google.com/accounting-force/
2,1.html,gemini.google.com/accounting-force/1.html
2,2.html,gemini.google.com/accounting-force/2.html
1,📁 hongo-tsuji,gemini.google.com/hongo-tsuji/
2,1.html,gemini.google.com/hongo-tsuji/1.html
2,2.html,gemini.google.com/hongo-tsuji/2.html
1,📁 landmark,gemini.google.com/landmark/
2,1.html,gemini.google.com/landmark/1.html
2,2.html,gemini.google.com/landmark/2.html
1,📁 minerva,gemini.google.com/minerva/
2,1.html,gemini.google.com/minerva/1.html
2,2.html,gemini.google.com/minerva/2.html
0,📁 haizoku.esys.tsukuba.ac.jp,haizoku.esys.tsukuba.ac.jp/
1,Safari - 2026_03_11 12_00.pdf,haizoku.esys.tsukuba.ac.jp/Safari - 2026_03_11 12_00.pdf
1,工学システム学類 研究室配属.html,haizoku.esys.tsukuba.ac.jp/工学システム学類 研究室配属.html
1,工学システム学類 研究室配属.pdf,haizoku.esys.tsukuba.ac.jp/工学システム学類 研究室配属.pdf
1,工学システム学類 研究室配属2.html,haizoku.esys.tsukuba.ac.jp/工学システム学類 研究室配属2.html
1,工学システム学類 研究室配属2.pdf,haizoku.esys.tsukuba.ac.jp/工学システム学類 研究室配属2.pdf
0,icon.png,icon.png
0,index.csv,index.csv
0,index.html,index.html
0,📁 jobtalk.jp,jobtalk.jp/
1,📁 companies,jobtalk.jp/companies/
2,📁 8201547,jobtalk.jp/companies/8201547/
3,answers.html,jobtalk.jp/companies/8201547/answers.html
0,launch.html,launch.html
0,📁 manaba.tsukuba.ac.jp,manaba.tsukuba.ac.jp/
1,📁 ct,manaba.tsukuba.ac.jp/ct/
2,course_2908186_query_3058480.html,manaba.tsukuba.ac.jp/ct/course_2908186_query_3058480.html
0,📁 webentry.ap-graduate.tsukuba.ac.jp,webentry.ap-graduate.tsukuba.ac.jp/
1,📁 acceptance_letter,webentry.ap-graduate.tsukuba.ac.jp/acceptance_letter/
2,letter_of_acceptance_27DF11059.pdf,webentry.ap-graduate.tsukuba.ac.jp/acceptance_letter/letter_of_acceptance_27DF11059.pdf
1,📁 announcement,webentry.ap-graduate.tsukuba.ac.jp/announcement/
2,index.html,webentry.ap-graduate.tsukuba.ac.jp/announcement/index.html
2,📁 pdf,webentry.ap-graduate.tsukuba.ac.jp/announcement/pdf/
3,sys_aug_m_05.pdf,webentry.ap-graduate.tsukuba.ac.jp/announcement/pdf/sys_aug_m_05.pdf
2,sie.html,webentry.ap-graduate.tsukuba.ac.jp/announcement/sie.html
0,📁 www.fc-member.familyclub.jp,www.fc-member.familyclub.jp/
1,IMG_0932.PNG,www.fc-member.familyclub.jp/IMG_0932.PNG
1,fandq.svg,www.fc-member.familyclub.jp/fandq.svg
1,📁 gallery,www.fc-member.familyclub.jp/gallery/
2,📁 movie_play,www.fc-member.familyclub.jp/gallery/movie_play/
3,📁 id,www.fc-member.familyclub.jp/gallery/movie_play/id/
4,5184.html,www.fc-member.familyclub.jp/gallery/movie_play/id/5184.html
4,5292.html,www.fc-member.familyclub.jp/gallery/movie_play/id/5292.html
4,5344.html,www.fc-member.familyclub.jp/gallery/movie_play/id/5344.html
4,5528.html,www.fc-member.familyclub.jp/gallery/movie_play/id/5528.html
4,5605.html,www.fc-member.familyclub.jp/gallery/movie_play/id/5605.html
4,5699.html,www.fc-member.familyclub.jp/gallery/movie_play/id/5699.html
4,5754.html,www.fc-member.familyclub.jp/gallery/movie_play/id/5754.html
4,5759.html,www.fc-member.familyclub.jp/gallery/movie_play/id/5759.html
1,📁 gallery_page,www.fc-member.familyclub.jp/gallery_page/
2,0485743f6cac2a484d46533df4a299fe_pc.jpg,www.fc-member.familyclub.jp/gallery_page/0485743f6cac2a484d46533df4a299fe_pc.jpg
2,14cfc63533c35f3144de40cda2090e84_pc.jpg,www.fc-member.familyclub.jp/gallery_page/14cfc63533c35f3144de40cda2090e84_pc.jpg
2,251011_arashi.html,www.fc-member.familyclub.jp/gallery_page/251011_arashi.html
2,251107_arashi.html,www.fc-member.familyclub.jp/gallery_page/251107_arashi.html
2,2da95c1e4067d332d76ec1dfee890bc2_pc.jpg,www.fc-member.familyclub.jp/gallery_page/2da95c1e4067d332d76ec1dfee890bc2_pc.jpg
2,3bb6b3906b4b3930dd6937c4aeb15fa7_pc.jpg,www.fc-member.familyclub.jp/gallery_page/3bb6b3906b4b3930dd6937c4aeb15fa7_pc.jpg
2,5d928e8d741fa32f7fcb85d4b83f0ea9_pc.jpg,www.fc-member.familyclub.jp/gallery_page/5d928e8d741fa32f7fcb85d4b83f0ea9_pc.jpg
2,7d5c4d73514c23b54f5137cf47ce12c1_pc.jpg,www.fc-member.familyclub.jp/gallery_page/7d5c4d73514c23b54f5137cf47ce12c1_pc.jpg
2,92720ff57eaf9cae4f754e87aec7a6ca_pc.jpg,www.fc-member.familyclub.jp/gallery_page/92720ff57eaf9cae4f754e87aec7a6ca_pc.jpg
2,97837d42e5b0555a8f1982b20dc2bb17_pc.jpg,www.fc-member.familyclub.jp/gallery_page/97837d42e5b0555a8f1982b20dc2bb17_pc.jpg
2,c9aee57558650d9b1a9d04fcde0490b2_pc.jpg,www.fc-member.familyclub.jp/gallery_page/c9aee57558650d9b1a9d04fcde0490b2_pc.jpg
2,cd671f983fe18e75519053b106a5f16e_pc.jpg,www.fc-member.familyclub.jp/gallery_page/cd671f983fe18e75519053b106a5f16e_pc.jpg
2,dbeac33b6b0bf1a8634b758dd11dfe1b_pc.jpg,www.fc-member.familyclub.jp/gallery_page/dbeac33b6b0bf1a8634b758dd11dfe1b_pc.jpg
2,e7176750993138442f9d3c9fa095323c_pc.jpg,www.fc-member.familyclub.jp/gallery_page/e7176750993138442f9d3c9fa095323c_pc.jpg
1,index.csv,www.fc-member.familyclub.jp/index.csv
1,index.html,www.fc-member.familyclub.jp/index.html
1,📁 information,www.fc-member.familyclub.jp/information/
2,📁 view,www.fc-member.familyclub.jp/information/view/
3,📁 id,www.fc-member.familyclub.jp/information/view/id/
4,504.html,www.fc-member.familyclub.jp/information/view/id/504.html
4,78.html,www.fc-member.familyclub.jp/information/view/id/78.html
1,logo.png,www.fc-member.familyclub.jp/logo.png
1,menu.svg,www.fc-member.familyclub.jp/menu.svg
1,mypage.svg,www.fc-member.familyclub.jp/mypage.svg
1,📁 page,www.fc-member.familyclub.jp/page/
2,📁 260307_arashi,www.fc-member.familyclub.jp/page/260307_arashi/
3,📁 p,www.fc-member.familyclub.jp/page/260307_arashi/p/
4,text.html,www.fc-member.familyclub.jp/page/260307_arashi/p/text.html
2,260307_arashi.html,www.fc-member.familyclub.jp/page/260307_arashi.html
2,📁 araphoto,www.fc-member.familyclub.jp/page/araphoto/
3,📁 p,www.fc-member.familyclub.jp/page/araphoto/p/
4,001.html,www.fc-member.familyclub.jp/page/araphoto/p/001.html
4,001.jpg,www.fc-member.familyclub.jp/page/araphoto/p/001.jpg
4,002.html,www.fc-member.familyclub.jp/page/araphoto/p/002.html
4,002.jpg,www.fc-member.familyclub.jp/page/araphoto/p/002.jpg
4,003.html,www.fc-member.familyclub.jp/page/araphoto/p/003.html
4,003.jpg,www.fc-member.familyclub.jp/page/araphoto/p/003.jpg
4,004.html,www.fc-member.familyclub.jp/page/araphoto/p/004.html
4,004.jpg,www.fc-member.familyclub.jp/page/araphoto/p/004.jpg
4,005.html,www.fc-member.familyclub.jp/page/araphoto/p/005.html
4,005.jpg,www.fc-member.familyclub.jp/page/araphoto/p/005.jpg
4,006.html,www.fc-member.familyclub.jp/page/araphoto/p/006.html
4,006.jpg,www.fc-member.familyclub.jp/page/araphoto/p/006.jpg
4,007.html,www.fc-member.familyclub.jp/page/araphoto/p/007.html
4,007.jpg,www.fc-member.familyclub.jp/page/araphoto/p/007.jpg
0,📁 www.jreast.co.jp,www.jreast.co.jp/
1,📁 card,www.jreast.co.jp/card/
2,📁 campaign,www.jreast.co.jp/card/campaign/
3,📁 adm,www.jreast.co.jp/card/campaign/adm/
4,viewcardstandard.html,www.jreast.co.jp/card/campaign/adm/viewcardstandard.html
0,📁 www.kenteishiken.com,www.kenteishiken.com/
1,📁 kawasaki,www.kenteishiken.com/kawasaki/
2,cc_exam_result_detail.html,www.kenteishiken.com/kawasaki/cc_exam_result_detail.html
2,cc_exam_result_list.html,www.kenteishiken.com/kawasaki/cc_exam_result_list.html
0,📁 www.nogizaka46.com,www.nogizaka46.com/
1,📁 s,www.nogizaka46.com/s/
2,📁 n46,www.nogizaka46.com/s/n46/
3,📁 diary,www.nogizaka46.com/s/n46/diary/
4,📁 detail,www.nogizaka46.com/s/n46/diary/detail/
5,103521.html,www.nogizaka46.com/s/n46/diary/detail/103521.html
0,📁 www.nta.go.jp,www.nta.go.jp/
1,📁 taxes,www.nta.go.jp/taxes/
2,📁 zeirishi,www.nta.go.jp/taxes/zeirishi/
3,📁 zeirishishiken,www.nta.go.jp/taxes/zeirishi/zeirishishiken/
4,📁 shikenkekka,www.nta.go.jp/taxes/zeirishi/zeirishishiken/shikenkekka/
5,📁 74,www.nta.go.jp/taxes/zeirishi/zeirishishiken/shikenkekka/74/
6,📁 kekka,www.nta.go.jp/taxes/zeirishi/zeirishishiken/shikenkekka/74/kekka/
7,index.html,www.nta.go.jp/taxes/zeirishi/zeirishishiken/shikenkekka/74/kekka/index.html
7,📁 pdf,www.nta.go.jp/taxes/zeirishi/zeirishishiken/shikenkekka/74/kekka/pdf/
8,01.pdf,www.nta.go.jp/taxes/zeirishi/zeirishishiken/shikenkekka/74/kekka/pdf/01.pdf
8,02.pdf,www.nta.go.jp/taxes/zeirishi/zeirishishiken/shikenkekka/74/kekka/pdf/02.pdf
8,03.pdf,www.nta.go.jp/taxes/zeirishi/zeirishishiken/shikenkekka/74/kekka/pdf/03.pdf
8,04.pdf,www.nta.go.jp/taxes/zeirishi/zeirishishiken/shikenkekka/74/kekka/pdf/04.pdf
8,05.pdf,www.nta.go.jp/taxes/zeirishi/zeirishishiken/shikenkekka/74/kekka/pdf/05.pdf
8,06.pdf,www.nta.go.jp/taxes/zeirishi/zeirishishiken/shikenkekka/74/kekka/pdf/06.pdf
8,07.pdf,www.nta.go.jp/taxes/zeirishi/zeirishishiken/shikenkekka/74/kekka/pdf/07.pdf
8,08.pdf,www.nta.go.jp/taxes/zeirishi/zeirishishiken/shikenkekka/74/kekka/pdf/08.pdf
8,09.pdf,www.nta.go.jp/taxes/zeirishi/zeirishishiken/shikenkekka/74/kekka/pdf/09.pdf
8,10.pdf,www.nta.go.jp/taxes/zeirishi/zeirishishiken/shikenkekka/74/kekka/pdf/10.pdf
8,11.pdf,www.nta.go.jp/taxes/zeirishi/zeirishishiken/shikenkekka/74/kekka/pdf/11.pdf
8,12.pdf,www.nta.go.jp/taxes/zeirishi/zeirishishiken/shikenkekka/74/kekka/pdf/12.pdf
8,kekka.pdf,www.nta.go.jp/taxes/zeirishi/zeirishishiken/shikenkekka/74/kekka/pdf/kekka.pdf
5,📁 75,www.nta.go.jp/taxes/zeirishi/zeirishishiken/shikenkekka/75/
6,0025011-071-03.pdf,www.nta.go.jp/taxes/zeirishi/zeirishishiken/shikenkekka/75/0025011-071-03.pdf
6,0025011-071-04.pdf,www.nta.go.jp/taxes/zeirishi/zeirishishiken/shikenkekka/75/0025011-071-04.pdf
6,0025011-071-05.pdf,www.nta.go.jp/taxes/zeirishi/zeirishishiken/shikenkekka/75/0025011-071-05.pdf
6,0025011-071-06.pdf,www.nta.go.jp/taxes/zeirishi/zeirishishiken/shikenkekka/75/0025011-071-06.pdf
6,0025011-071-07.pdf,www.nta.go.jp/taxes/zeirishi/zeirishishiken/shikenkekka/75/0025011-071-07.pdf
6,0025011-071-08.pdf,www.nta.go.jp/taxes/zeirishi/zeirishishiken/shikenkekka/75/0025011-071-08.pdf
6,0025011-071-09.pdf,www.nta.go.jp/taxes/zeirishi/zeirishishiken/shikenkekka/75/0025011-071-09.pdf
6,0025011-071-10.pdf,www.nta.go.jp/taxes/zeirishi/zeirishishiken/shikenkekka/75/0025011-071-10.pdf
6,0025011-071-11.pdf,www.nta.go.jp/taxes/zeirishi/zeirishishiken/shikenkekka/75/0025011-071-11.pdf
6,0025011-071-12.pdf,www.nta.go.jp/taxes/zeirishi/zeirishishiken/shikenkekka/75/0025011-071-12.pdf
6,0025011-071-13.pdf,www.nta.go.jp/taxes/zeirishi/zeirishishiken/shikenkekka/75/0025011-071-13.pdf
6,0025011-071-14.pdf,www.nta.go.jp/taxes/zeirishi/zeirishishiken/shikenkekka/75/0025011-071-14.pdf
6,0025011-071-15.pdf,www.nta.go.jp/taxes/zeirishi/zeirishishiken/shikenkekka/75/0025011-071-15.pdf
6,kekka.html,www.nta.go.jp/taxes/zeirishi/zeirishishiken/shikenkekka/75/kekka.html
