0,納税義務者と課税所得等の範囲,text/1-1.txt
0,事業年度,text/1-2.txt
0,納税地,text/1-3.txt
0,資本金等の額,text/1-4.txt
0,利益積立金額,text/1-5.txt
0,所得の帰属に関する通則,text/1-6.txt
0,同族会社の意義と行為計算の否認,text/2-1.txt
0,各事業年度の所得の金額の計算の通則,text/3-1.txt
0,収益の額,text/3-2.txt
0,受取配当等の益金不算入,text/4-1.txt
0,外国子会社配当等の益金不算入等,text/4-2.txt
0,みなし配当,text/4-3.txt
0,棚卸資産の評価,text/5-1.txt
0,短期売買商品等の譲渡損益,text/5-2.txt
0,短期売買商品等の期末評価,text/5-3.txt
0,有価証券の譲渡損益,text/5-4.txt
0,有価証券の期末評価,text/5-5.txt
0,デリバティブ取引等,text/5-6.txt
0,外貨建取引の換算,text/5-7.txt
0,外貨建資産等の換算,text/5-8.txt
0,為替予約差額の配分,text/5-9.txt
0,資産の評価損益,text/5-10.txt
0,繰延資産,text/6-1.txt
0,減価償却資産の償却費の計算及び償却方法,text/6-2.txt
0,少額の減価償却資産等,text/6-3.txt
0,中小企業者等が機械等を取得した場合の特別償却,text/6-4.txt
0,役員等の意義,text/7-1.txt
0,役員給与の損金不算入,text/7-2.txt
0,使用人給与の取扱い,text/7-3.txt
0,譲渡制限付株式を対価とする費用の取扱い,text/7-4.txt
0,新株予約権を対価とする費用等の取扱い,text/7-5.txt
0,寄附金の損金不算入,text/8-1.txt
0,交際費等の損金不算入,text/8-2.txt
0,租税公課の取扱い,text/8-3.txt
0,不正行為等に係る費用等の損金不算入,text/8-4.txt
0,資産に係る控除対象外消費税額等,text/8-5.txt
0,国庫補助金等の圧縮記帳,text/9-1.txt
0,国庫補助金等の特別勘定,text/9-2.txt
0,保険金等の圧縮記帳,text/9-3.txt
0,保険金等の特別勘定,text/9-4.txt
0,交換の圧縮記帳,text/9-5.txt
0,特定資産の買換えの圧縮記帳,text/9-6.txt
0,特定資産の買換えの特別勘定,text/9-7.txt
0,収用等の圧縮記帳,text/9-8.txt
0,収用等の特別勘定,text/9-9.txt
0,換地処分等の圧縮記帳,text/9-10.txt
0,収用換地等の所得の特別控除,text/9-11.txt
0,貸倒引当金,text/10-1.txt
0,欠損金の繰越し,text/11-1.txt
0,欠損金の繰戻し還付,text/11-2.txt
0,債務免除等があった場合の欠損金の損金算入,text/11-3.txt
0,欠損等法人の取扱い,text/11-4.txt
0,工事の請負（工事進行基準）,text/12-1.txt
0,賃貸借取引に係る費用,text/13-1.txt
0,リース取引に係る所得の金額の計算,text/13-2.txt
0,借地権等の取扱い,text/13-3.txt
0,移転価格税制,text/14-1.txt
0,過少資本税制,text/14-2.txt
0,過大支払利子税制,text/14-3.txt
0,外国子会社合算税制,text/14-4.txt
0,所得税額の控除,text/15-1.txt
0,外国税額の控除,text/15-2.txt
0,試験研究費の特別控除,text/15-3.txt
0,中小企業者等の機械等,text/15-4.txt
0,特定同族会社の特別税率,text/15-5.txt
0,使途秘匿金の支出がある場合の課税の特例,text/15-6.txt
0,中間申告制度,text/16-1.txt
0,確定申告制度,text/16-2.txt
0,青色申告制度,text/16-3.txt
0,更正の請求,text/16-4.txt
0,合併があった場合の主な取扱い,text/17-1.txt
0,分割型分割があった場合の主な取扱い,text/17-2.txt
0,分社型分割があった場合の主な取扱い,text/17-3.txt
0,現物出資があった場合の主な取扱い,text/17-4.txt
0,現物分配があった場合の主な取扱い,text/17-5.txt
0,株式分配があった場合の主な取扱い,text/17-6.txt
0,株式交換があった場合の主な取扱い,text/17-7.txt
0,株式移転があった場合の主な取扱い,text/17-8.txt
0,組織再編成に係る課税回避防止規定,text/17-9.txt
0,資産等に係る調整勘定の損金算入等,text/17-10.txt
0,グループ法人税制の概要,text/18-1.txt
0,完全支配関係がある法人間の取引の損益,text/18-2.txt
0,グループ通算制度の概要,text/19-1.txt
0,通算制度の開始等に伴う資産の時価評価損益,text/19-2.txt
0,損益通算と税率,text/19-3.txt
