0,📁 gallery,gallery/
1,📁 movie_play,gallery/movie_play/
2,📁 id,gallery/movie_play/id/
3,嵐Movie 6.17,gallery/movie_play/id/5184.html
3,「松本潤 生配信 PART7」アーカイブ(字幕付き),gallery/movie_play/id/5292.html
3,嵐Movie 8.30,gallery/movie_play/id/5344.html
3,嵐Movie 11.26,gallery/movie_play/id/5528.html
3,HAPPY NEW YEAR 2026 Special Movie,gallery/movie_play/id/5605.html
3,嵐Movie 1.25,gallery/movie_play/id/5699.html
3,「櫻井翔 音声生配信#7」アーカイブ(字幕付き),gallery/movie_play/id/5754.html
3,「松本潤 生配信PART8」アーカイブ(字幕付き),gallery/movie_play/id/5759.html
0,📁 gallery_page,gallery_page/
1,嵐会報109号 陶芸作品　お披露目ムービー公開中！,gallery_page/251011_arashi.html
1,嵐 盆栽体験ムービー公開中！,gallery_page/251107_arashi.html
0,index.html,index.html
0,📁 information,information/
1,📁 view,information/view/
2,📁 id,information/view/id/
3,お知らせ｜嵐ファンクラブ会員の皆さまへご報告,information/view/id/504.html
3,お知らせ｜「嵐」よりファンの皆様へご報告,information/view/id/78.html
0,📁 page,page/
1,📁 260307_arashi,page/260307_arashi/
2,📁 p,page/260307_arashi/p/
1,開幕直前スペシャル！　「We are ARASHI」ライブ　メンバーズセレクション！,page/260307_arashi.html
1,📁 araphoto,page/araphoto/
2,📁 p,page/araphoto/p/
3,嵐フォト001,page/araphoto/p/001.html
3,嵐フォト002,page/araphoto/p/002.html
3,嵐フォト003,page/araphoto/p/003.html
3,嵐フォト004,page/araphoto/p/004.html
3,嵐フォト005,page/araphoto/p/005.html
3,嵐フォト006,page/araphoto/p/006.html
3,嵐フォト007,page/araphoto/p/007.html
