0,国税の一般的優先の原則,1-1.txt
0,国税及び地方税の調整,1-2.txt
0,留置権の優先,1-3.txt
0,不動産保存の先取特権等の優先,1-4.txt
0,法定納期限等以前にある不動産賃貸の先取特権等の優先,1-5.txt
0,質権又は抵当権の優先,1-6.txt
0,担保権付財産が譲渡された場合の国税の徴収,1-7.txt
0,担保仮登記の優先とその滞納処分との関係,1-8.txt
0,譲渡担保権者の物的納税責任,1-9.txt
0,国税及び地方税等と私債権との競合の調整,1-10.txt
0,第二次納税義務の通則的な徴収手続,2-1.txt
0,各種第二次納税義務の態様,2-2.txt
0,滞納処分による差押えの要件,3-1.txt
0,第三者の権利の目的となっている財産の差押換,3-2.txt
0,相続があった場合の財産の差押換,3-3.txt
0,差押えにおける留意規定,3-4.txt
0,各種財産の共通的な差押手続,3-5.txt
0,動産又は有価証券の差押え,3-6.txt
0,第三者が占有する動産等の差押えに当たっての第三者の権利の保護,3-7.txt
0,債権の差押え,3-8.txt
0,不動産の差押え,3-9.txt
0,船舶又は航空機の差押え,3-10.txt
0,自動車、建設機械又は小型船舶の差押え,3-11.txt
0,第三債務者等がない無体財産権等の差押え,3-12.txt
0,第三債務者等がある無体財産権等の差押え,3-13.txt
0,差押えの一般的効力,3-14.txt
0,差押えの解除,3-15.txt
0,交付要求,3-16.txt
0,参加差押,3-17.txt
0,財産の調査,3-18.txt
0,換価,4-1.txt
0,換価の効果,4-2.txt
0,配当,4-3.txt
0,災害等による納税の猶予,5-1.txt
0,通常の納税の猶予,5-2.txt
0,課税遅延に基づく納税の猶予,5-3.txt
0,換価の猶予,5-4.txt
0,滞納処分の停止,5-5.txt
0,繰上請求,6-1.txt
0,保全差押,6-2.txt
0,繰上保全差押,6-3.txt
0,保全担保,6-4.txt
0,国税の担保,6-5.txt
0,納付委託,6-6.txt
0,納付義務の承継,6-7.txt
0,連帯納付義務,6-8.txt
0,国税の処分に対する不服申立てと国税の徴収との関係,7-1.txt
0,罰則,7-2.txt
0,国税通則法及び国税徴収法の目的,7-3.txt